review_date,marketplace,customer_id,review_id,product_id,product_parent,product_title,product_category,star_rating,helpful_votes,total_votes,vine,verified_purchase,review_headline,review_body,review_month
1995-11-24,US,53095677,R2XVQZDED8Q2H5,910311978,360983853.0,En Route to Global Occupation,Books,5,13,16,False,False,Ready for The Federation of Earth and a new constitution,This book reads like a journey of an author who lived the story he tells Thats exactly what it is Includes reproductions of documents attained from organizations who are willing to destroy the soveriegnty of all nations in favor of a world Govt Gary Kah served in the Reagan Administration as a high ranking official and became a infiltrator of the World Parliament and Constitution Assoc Written from a Christian perspective with a slant on Bible Prophecy Well documented Read in conjunction with William Jaspers Global Tyranny Step by Step to see the same story from a secular point of view,11
1995-09-27,US,52589298,R3JFMU69JUNMTO,034539061X,597643613.0,Negotiating Love,Books,5,4,4,False,False,How to stay together,The annotated resource list alone is worth the price of this book Put an end to warring with the other gender  this book is chock full of practical tips on resolving relationship issues And  its much cheaper than divorce Go for it,9
1995-11-09,US,53095810,R1O8J7W0A60O2R,446364967,500372789.0,The Turing Option (Questar Science Fiction),Books,5,5,7,False,True,About building a superintelligent machine,This adventure novel explains some of the theories in my nonfiction quotThe Society of MindquotTo find more about how the robot Sven was created there are additional chapters at  or ftpftpaimitedupubminskyoptionchapters Best wishes Marvin Minsky MI,11
1995-07-19,US,53096582,R1U2RAML67OKWM,471114251,574000000.0,Bitter Winds: A Memoir of My Years in China's Gulag,Books,4,9,9,False,False,Harry Wu could have taught Kafka a thing or two,quotBitter Windsquot is at once fascinating and horrifyingI knew that China was and still is a scary placeto be on the wrong side of the government but nothing can bring it home like a firsthand account Harry Wu spent 19 years of his life in prison camps and forced labor camps all over China for crimes no more serious than speaking his mind too openly on a few occasions He was forced to endure the most humiliating treatment imaginable under terrible conditions including near starvation during Chinas famines where the prisoners had it even worse than the normal citizens If you worry about the thought police read this book and it will put your worries in perspective  though certainly not to rest Now that Wu is again incarcerated in China where he was trying to gather more information on the forced labor system currently in operation this book is that much more timely,7
1995-10-03,US,53096168,R1TTPLRROKBSMV,899683282,339858237.0,The Stars My Destination,Books,5,1,1,False,False,Truly great story of obsession and awakeningSF classic,Now THIS book is so good that many writers and readers about a decade ago proclaimed this the best SF novel EVER quite the hyperbolic praise and rather well earned Bester was an ad man in the 50s who let his personal demons out by writing a little SF This book has been redone into a graphic novel quite recently about 1991 The Stars My Destination is about a man who after being shipwrecked and abandoned awakens to become an elemental of rage and anger Its got the Golden Age tone to the novel and the typefaces and scenes that were so different then are a little more common now Its a novellong chase scene essentially Hey you have the bucks somewhere Sell plasma or something but get a hold of this thing Another cool novel of his is The Demolished Man which is a science fiction novel and a whodunit posing the question quothow does a murder get committed if everyones a telepathquot Another great obsessionthemed book,10
1995-07-25,US,52948753,R21APAJE22JU6A,067974438X,415705723.0,"Tastes of Paradise: A Social History of Spices, Stimulants, and Intoxicants",Books,5,6,9,False,False,Simple and Lucid View of Stimulants Throughout History,This book is so easy to read that you might not believe its written by a serious German sociologist Especially given our current coffee craze its fascinating to see when different stimulants coffee tea chocolate etc came into popularity in history For example before the 17th century all they drank in England was coffee Then strangely they totally switched to tea and there doesnt appear to be any logical explanation But to sum up this is actually a FUN sociology book,7
1995-09-29,US,53094816,RT94SPZ5CHLK6,133627659,320981057.0,Criminal Justice Today: With Keys to Success,Books,5,6,7,False,False,Excellent Intro to Criminal Justice textbook,This book is used as the textbook for Indiana University Bloomingtons Intro to criminal justice class P100 As a freshman taking this course I find the book extremely interesting and easy to read I would highly recommend that instructors for Criminal Justice look at this book for an introductory course,9
1995-07-24,US,53096476,R16QU2W9UVUML4,441023622,385885559.0,"Another Fine Myth (Myth, Book 1)",Books,4,0,0,False,False,First book to the incredible Myth seriesFunny amp Adventurous,Skeeve apprentice to Garkin the Magician teams up with the Demon Aahz Other creatures that join them are a war unicorn a young dragon and a green haired beauty Together they must bring down a powerful mage who is bent on destroying everything in sight,7
1995-08-09,US,53052813,R2VRNK6WSQQA5O,881790338,362312407.0,The Elements of Typographic Style,Books,5,0,1,False,False,Very good book,Pleasent to view and readbr Highly recommended,8
1995-10-15,US,53096582,R1PS7G19KSGM0M,812515285,646002347.0,A Fire Upon The Deep (Zones of Thought),Books,3,1,2,False,False,Fun to read but not Vinges best work,Compared to some other books of his quotA Fire Upon The Deepquot is unfocussed and rambling The postulated variance of physical law in different zones of the galaxy seemed too artificial to buy into and though the various alien species are carefully constructed I generally didnt find them terribly compelling in comparison say to Nivens Puppeteers One of the more ambitious extrapolations of the Net that Ive read though,10
1995-11-20,US,53026422,R33R0DFKAO6ESU,441631215,832437752.0,Only A Trillion,Books,4,0,6,False,False,fantastic review,i am continually amazed and astounded,11
1995-07-22,US,53096510,R2OHZMLOPNMV7M,671671642,897000000.0,Growing a Business,Books,5,1,2,False,False,Very good book one of the best in my library,I think this guy is really on to something here Wish more people would read himI quote him in my web watch column at,7
1995-10-23,US,53096008,RR7Z2U9R6RHY6,316353957,53525621.0,Blue Highways: A Journey into America,Books,5,2,2,False,False,Journey across the lesser known byways of America,Mr Moons unforgetable journey to the off the beaten paths of America He captures the soul of our nation as it use to be Here are desciptions of the people that one rarely hears or reads about If you want to learn about what makes this country greatread Blue Highways It will give you inspiration to journey to the offbeat roads of America,10
1995-09-22,US,53096282,R2PXCLE4APVQG,713724935,512738510.0,Ufo Retrievals: The Recovery of Alien Spacecraft,Books,5,14,14,False,False,This is one of the most levelheaded books of the genre,Jenny Randles is a thoughtful and sceptical researcher who writes in a lucid and readable style In a field fraught with absolute rubbish nonesense and outandout fabrications Ms Randles is a breath of fresh air Her writing is wellresearched and factual but is openminded In short she writes in a scientific style that is an excellent read This book is a series of casehistories of 32 socalled alien spacecraft retrievals As Ms Randles clearly points out many of them were hoaxes or are almost certainly so The residual ones especially the Roswell and Rendlesham Forest cases which are now famous provide an intriguing and compelling web of corroborated accounts that are difficult to dismiss as both governments involved have repeatedly tried to do In the latter case dogged persistence by Ms Randles and her colleagues in England as well as collaborative Freedom of INformation Act inquiries in the US have unearthed a fascinating and even startling series of events that point to near unequivocably the occurrence of some very non normal extraordinary happenings just outside a secret USAF base in England during the early 1980s Everything that the author presents is clearly documented from a variety of sources and many are from official and unofficial government sources As a working scientist I would without question recommend this book to both scientific colleages as well as the lay audience It will surprise and unsettle those readers who have been willing to write off UFO sightings as mere products of active imaginations There is something real going on here and Jenny Randles covers a very difficult subject with aplomb and a critical but open mindset,9
1995-07-23,US,53094170,R2YS7NYUYEWWN0,837175089,711379523.0,Grey Eminence.,Books,5,26,29,False,False,Crucial study of problems between politics and religion,This is a brilliant investigation of the dangerous relations when we mix politics and religion This book is almost banned in Latin American countryes The reason we still suffer from this problem Please forgive my poor spelling and writing in English,7
1995-10-25,US,53060455,R4SZYHQ0XE1Q,385313837,326245620.0,Hula,Books,5,3,4,False,False,wonderfulamazingly accurate acount of girlhoodtextural,I read this book in one sitting She captures the smells feeling fears of young girls in the hot summer Read it,10
1995-09-30,US,53096149,R3MXEH9LLBA24B,449222187,170161909.0,Had We Never Loved (A Regency Romance),Books,5,3,3,False,False,A welltold tale of love between a gypsy lass and a lord,Patricia Veryan consistently turns out exciting storiesand this is one of her best She finally tells us thestory of Horatio Glendenning first introduced in The Golden Chronicles to the delight of her many fans who have been anxiously awaiting his tale This is one of her most romantic and heartwrenching stories The final volumes of Tales of the Jewelled Men can hardly come quickly enough for her many fans,9
1995-08-30,US,53096332,R1LLAY5W5PZUS4,671701800,860650224.0,Contact,Books,5,1,2,False,False,Read the book Its good,This is a book about first contact with aliens written by a prominent member of SETI the Search for ExtraTerrestrial Intelligence Sagan makes excellent use of SETIs current search methods as well as his own knowledge of astronomy and physics to bring a sense of reality to the book But above its literacy philosophy and speculation it is an entertaining story that is not overshadowed by gadgetry,8
1995-07-22,US,53096513,RJKD763RQMKLH,201539926,299000000.0,"C++ Programming Language, The",Books,5,2,3,False,False,A must for all who program or wish to program in C,This book has everything The examples are very usable and the explanations are clear All you could expect from the guy who invented the language,7
1995-08-30,US,53096317,R1L8P5AWJA4MX9,156149729,98269888.0,Byrne's Standard Book of Pool and Billards,Books,5,1,1,False,False,Outstanding mixture of good advice and enjoyable lore,Byrne presents a great tutorial for serious pool players covering American pool and billiards He discusses basics stance bridge grip techniques everything from straight shots to masse exercises and rules while interspersing his lessons with anecdotes histories and a good sense of humor Not only a practical and extremely helpful tutorial the Standard Book is also a great read It is far and away the best pool book Ive read Buy it if you play pool with any heart,8
1995-11-09,US,51925861,R2QYF10JPWP7BN,262510189,189809054.0,Ordinary Differential Equations (MIT Press),Books,5,32,35,False,False,A geometrical approach to differential equations,This is one of the few original books in the area of differential equations In his clear style Arnold presents the basics of differential equations He is more interested in understanding the solutions than in deriving them by analytical methods The text is well organized and there seem to be more figures than proofs although all proofs are there it just that they do not get in the way A must if you are in the area of chaos and dynamical systems RM,11
1995-09-07,US,53096310,R2OTTPXZG93NSH,671510053,357229344.0,The Shipping News,Books,5,0,1,False,False,Excellent story  downtoearth and also spiritual,The author tells an interesting story with realistic characters without resorting to stereotypes You learn a lot about Newfoundland and the people who live there but the facts are woven into the story so you dont get the feeling of an encyclopedia article I am a John Candy fan and I only wish the book could be made into a movie staring him as the main character as I continually visualized John in that role as I read the book Too late I know I would be very curious to know the authors reaction to this,9
1995-09-12,US,53096171,R344ZKZVHECQAB,670846384,963776027.0,Chloe Plus Olivia: An Anthology of Lesbian and Bisexual Literature from the 17th Century to the Present,Books,5,3,3,False,False,A wonderful anthology of lesbian poetry and literature,Lillian Faderman has done an impressive job of collecting poetic and literary works on lesbian topics and presenting them in the context of the authors lives and the literary climate of they time they were published This is an invaluable reference for anyone interested in lesbian or womens writings A must have,9
1995-09-29,US,53096409,R2OD2TECAR3RM,865474567,896636290.0,Riprap and Cold Mountain Poems,Books,5,19,20,False,False,Luminous early poetry and translations by Poet Snyder,Riprap lets us see the world with Snyders vision back in the days when Kerouac was writing about him in the Dharma Bums The clarity straightforward diction and simple lyricism that have continued to characterize his poetry are all here in these early poems from the fifties Astounding visual quality Life in the mountains in Japan on the high seas Cold Mountain Poems are translations of Han Shan Chinese Zen poet Han Shan stands with John of the Cross in his ability to illuminate the spiritual path through lyric imagery Snyders crystalline translations reveal Han Shan to us face to face today not some old exotic hermit but a vital presence,9
1995-10-24,US,53004137,RWKK7AZ9DTIW4,1563891654,17181867.0,"The Big Book of Urban Legends: 200 True Stories, Too Good to be True!",Books,5,18,20,False,False,A fantastic book on a fascinating subject,Did I ever tell you about what happened to my cousins college roommates best friend No Well  Who out there can honestly say hes never fallen for an urban legend told as true by some acquaintance The maniac in the back seat The Mexican pet The dopedup babysitter who microwaved the baby The spider in the hairdo Weve all been the victims of these stories at some point in our lives People pass them around at cocktail parties and office water coolers always claiming that they really happened to a friend of a friend but never able to offer a name of the unfortunate victim And Jan Harold Brunvand is the master collector and debunker of the stories Paradox Press wisely got Brunvand to write its megacomic quotThe Big Book of Urban Legendsquot Even for UL aficionadoes there are a few new ones here And the irreverent comic format is perfect for these justplausibleenough modern tall tales Its also a great way to introduce friends to ULs or to disprove the stories your friends try to pass off as true,10
1995-09-03,US,53096301,RDK02WCOBVNYM,689716206,976117390.0,Borgel,Books,5,1,1,False,False,Another zany adventure spun by the Master Daniel Pinkwater,No words can describe this book Except these When Melvins famed Uncle Borgel moves in theres not much he or his family can do about it But one night after receiving a secret message from Borgel Melvin is taken on a wild and zany outer space quest to find the mysticalmythical and AllPowerful Great Poposicle Not just for kids also for kids at heart,9
1995-10-24,US,53004137,R2SDITORS21ZYV,425121046,533918267.0,Demon Night,Books,4,6,6,False,False,An interesting variant on Stephen Kings quotSalems Lotquot,quotDemon Nightquot is an interesting read definitely recommended for fans of Straczynski author of quotOthersydequot and creator of the hit syndicated scifi TV series quotBabylon 5quot Although it is strongly reminiscent of Stephen Kings quotSalems Lotquot it is worth reading on its own merits too The storyline is compelling a fascinating variant on the quotvampires overtake a small townquot plot I prefer Straczynskis scriptwriting and short stories to his novels But the novels are also worthwhile especially for diehard fans,10
1995-10-22,US,53096008,R1XSBANXHY2LOB,1556113560,938603406.0,The Gun Ketch,Books,5,0,0,False,False,The adventures of LtLewrie RN in early 19th Century Navy,This is Dewey Lambdins 5th book in the Lewrie series A far more down to earth character of the Napoleonic War British Navy heros Alan Lewrie likes his women and is first a ladys man and a seaman second Still wondering how he ever became a British oficer his marriage to Caroline and transfer to Captain the Bomb Ketch ALACRITY for duty in the Bahamas starts a new adventure for this lusty and unlikely hero If you enjoy the Aubrey and Hornblower series these stories are more fun to read but will keep you turning the pages to find out how Alan escapes from one problem to another,10
1995-11-02,US,53095959,R3JY8I4S01ZR9J,919359078,707095326.0,"High Society (Cerebus, Volume 2)",Books,4,1,1,False,False,Most mature comic book series I ever read,If youve never read comics because you think they are too childish contain too much violence or too much cheap sex start with this Cerebus phonebookBR The book tells of Cerebus an aardvark in a human world who slowly rises to great power in the citystate of Iest It describes in great detail I might add the political manipulations religious dogmas and problems in his relationships with the human population that Cerebus has to deal with as he campaigns to become primeminister of IestBR This is the second volume in the Cerebusseries but my opinion is that it is the best place to start with the series and get hooked forever,11
1995-11-13,US,51905519,R1W3Q924D35H26,671744593,793793081.0,Remembrance,Books,4,0,0,False,False,This was one pageturner Im glad read Dont miss it,This was the first book by Jude Deveraux that I had ever read and boy was I pleasantly surprisedI was also deeply regretful that it took me this long to find out about her At least now when Im waiting for Judith McNaught to turn out a new book Ill have her friend Jude Deveraux to read,11
1995-08-03,US,53095838,R3NFKYWS8W07V3,380715570,840982049.0,Last Call,Books,5,8,11,False,False,Another weird and wonderful story,quotLast Callquot tells the story of a professional poker player who lost more than usual while playing a game with Tarot cards on Lake Powell What he lost and how he might get it back are the major questions he must answer before next game is held quotLast Callquot is another of Powers wonderful novels which blend interesting bits of history with wonderful fantasy If you enjoy quotLast Callquot be sure to read quotThe Stress of her Regardquot and any other Powers book you can find I havent read a bad one yet BTW If you like Tim Powers fiction you might want to try something by James P Blaylock In particular quotThe Digging Levithanquot quotHomunculusquot or quotThe Last Coinquot all of which are great stories,8
1995-11-07,US,53095937,R178X6Y87EZH9X,394756827,296214142.0,"GÃ¶del, Escher, Bach: An Eternal Golden Braid",Books,5,0,0,False,False,True Art,dcmsinhksupernet is absolutely right As the Hackers Dictionary puts it this is the Must Read book for anyserious computer user  though I recommend it to anyone which can appriciate true art,11
1995-09-30,US,53096149,RAUQDCAXGV2OI,727843397,293040736.0,Poor Splendid Wings,Books,4,10,10,False,False,A charming tale of wartime England,While not quite as good as Patricia Veryans historicalnovels this tale of romance in wartime England is charmingMichael Owens is a suitably dashing hero and Victoria Craig Bell is a highly romantic heroine Veryan applies the usual romantic devices with panache including a parallel subplot between the heroines sister and the heros best friend The story had an authentic aura of war and was well researched,9
1995-10-27,US,53074911,R2T6PO9QCW7NFY,912180129,949612214.0,Petroglyphs of Hawaii,Books,1,4,5,False,False,Poor promotes destruction of rock art,Very simple intro to Hawaiian rock art Perhaps best suited for grade school level Inadvertently promotes destruction of rock art by quotrubbingsquot A better book would be Cox amp Stasacks quotPetroglyphs of Hawaiiquot available from the Bishop Museum Press,10
1995-08-08,US,53096545,R3EZU433M3PUQR,786000716,629957914.0,For the Love of You (Arabesque),Books,5,1,1,False,False,This is a perfect 10,My top recommendationa 10 This is a great book Funny and fastpaced Romantic fantasies should be based on this book Buy it,8
1995-09-09,US,53084640,R1WXQHJ53DLLEU,1560548908,253802911.0,Angel Maker,Books,5,1,2,False,False,Great concept,This book compares favorably to Cooks quotComaquot Its a great concept wonderfully developed by Pearson,9
1995-11-15,US,53095748,RG6LPC4W8LN29,399134204,31287929.0,The Joy Luck Club,Books,5,0,1,False,False,Gives a deeper understanding of chinese culture,The book in some way or another gives a deeper view into the chinese own set of behaviour Touching at times,11
1995-06-24,US,53096571,R34N4QWDXX58WB,870210092,443000000.0,"Arming and Fitting of English Ships of War, 1600-1815",Books,4,12,13,False,False,good enough to understand all of Pat Obrien,Nice diags lucid explanations of rigging guns hull etc A lot of the pics also appear in quotNelsons Navyquot so if you have that dont bother,6
1995-07-22,US,52420369,RHI8FVKV1OR9Y,553263285,200000000.0,"A Darkness at Sethanon (The Riftwar Saga, Vol. 4)",Books,5,0,0,False,False,Damningly Compelling,This is the culmination of a series of struggles and a series of intricate and fantastic relationships Ray understands the most important aspect of writing is not the cool tricks wacky magic or neat monstersalthough there is all thatbut rather it is the characterization and interaction between characters which develops the story BilFish,7
1995-11-02,US,53095881,R2XQTCOBWNCEAC,345350499,627223385.0,The Mists of Avalon,Books,5,0,0,False,False,One of the best books Ive ever read,Marion Zimmer Bradley brings King Arthurs court to life through the eyes of a woman in The Mists of Avalon It is by far one of the best novels Ive ever read and I recommend it to anyone who is interested in seeing a legend from a different point of view,11
1995-10-22,US,53096008,R2WVO8MZVW9RWP,044651862X,58848637.0,The Celestine Prophecy: An Adventure,Books,2,0,0,False,False,An overhyped book and one of the worst written,Having been given this book as a present by my son who claims he was inspired by the narative I was very let down For a book that is basically suppose to be for self enlightenment why did the author go to this hokey story line He would have been better off writing it as a straight book for enlightenment That is if he could write If you want to see what writing is all about read Umberto Ecos new magnificent novel quotThe Island Of The Day Beforequot A guess to sell a best seller today you need to write to the level of the masses A sad commentary on our times,10
1995-11-13,US,53095776,R3JNYVZLP1APW5,405038437,780827467.0,New Conscience and an Ancient Evil (Family in America),Books,3,0,17,False,False,addams j text hard,a new conscience and an ancient evi,11
1995-07-25,US,52948753,RXQYXE0H8U8BM,679745688,904783689.0,Ripley's Game,Books,5,14,14,False,False,The Best Ripley Book,Although every Ripley book is a great book except for maybe The Boy Who Followed Ripley Home this is the best The usual twisted morality plus a violent showdown with the mob A thrilling testament to modern individuality Try not to take his side,7
1995-06-24,US,53096571,RHL4UW17ZK72A,521314925,981000000.0,Invention and Evolution:Design in Nature and Engineering,Books,5,9,9,False,False,BUY THIS BOOK,This is a beautiful book French talks about energy form mechanism and economy in natural and manmade things He compares birds to planes in terms of fuelcapacity energy conversion efficiency drag etc He compares suspension bridges and dinosaurs He provides examples of neat inventions and the thought that has gone into them every thing from steamcatapults to toy cars to grommets This is quotHow Things Workquot for the nonmoron crowd,6
1995-07-24,US,53096358,R12Q0WB95GUCTI,394757688,849452523.0,The Long Goodbye,Books,5,0,0,False,False,This book is fabulous LA vintage crime at its best,This was the first Chandler book thatbr I read and I loved it I am now plowingbr through his other books and recommendbr  this one to anyone who likes quotvintage or pulp crimequot,7
1995-09-12,US,53006199,RW7FOWL0BCB6Z,875421229,9481435.0,Cunningham's Encyclopedia of Magical Herbs (Llewellyn's Sourcebook Series) (Cunningham's Encyclopedia Series),Books,5,3,3,False,False,An extremely needed book if you are into Herbalism,This is undeniably one of the greatest books on herbalism For important if you own the other book quotThe Complete Book of Incense Oils and Brewsquot they really compliment each other Not only is this book filled with useful information on herbs but it also contains illustrations herbal lore tables of correspondance for herbs and essential oils and uses of many herbs If you want to be a good herbalist you need this book,9
1995-10-10,US,53096404,R1W7JC3YSMAGW7,067973905X,25770343.0,"Doctor Faustus: The Life of the German Composer Adrian Leverkuhn, as Told by a Friend",Books,5,10,10,False,False,One of the greatest books ever written,A story about a fictious German composer who had signed a contract with the devil to grant him 24 years of musicmaking of extreme genius In return Well read for your self Thomas Mann excels himself in describing human nature the world aroung a human being and his verbal descriptions of both real and fictious classical music pieces makes one wonder whether a human mind wrote these masterpieces of description The book is not so great for the story as for HOW the story is told Of course the plot is very interesting but as usual in great works of art it is not the WHAT that is important but the HOW Easily comparably to quotCrime and Punishmentquot,10
1995-10-03,US,53096168,R1KN09VOZUM0EC,441490557,457145780.0,Lord Kalvan of Otherwhen,Books,5,5,7,False,False,Pipers Paratime SF series starts with this classic,Originally appearing as a short entitled quotGunpowder Godquot in the November 1964 Analog this story is one of the first quotguy in modern times suddenly appears in medieval lifequot storiesand it isnt hackneyed or horrible about it Our hero here is a Pennsylvania State Trooper the world has no magic powers and its at a real and breakneck pace Its good stuff and Im happy to see it exists in all its benevolent obscurity Pipers quotParatimequot series involved what would happen if one world got wind of the existence of all the other parallel universes and had cops policing them,10
1995-09-21,US,53096306,R26IQ9QPNMP1M6,440220602,233513923.0,The Chamber,Books,5,1,1,False,False,Excellent gripping reading,This story is more about the lawyer representing the deathrow inmate than it is the inmate I didnt think it would be a good candidate for a movie but perhaps they are about to prove me wrong movie is forthcoming An excellent read,9
1995-10-22,US,53096008,R351SC94GU71FE,393307069,659543252.0,Post Captain (Aubrey/Maturin),Books,5,0,1,False,False,Second in the AubreyMaturin series of Napoleonic War tales,If you want to get the flavor of OBrians tales of the sea adventures of Englands Capt Aubrey and his close friend Dr Steven Maturin this is the best book in the series to stsrt from Returning from a long campaign as a Commander Jack amp Steven spend a long spell in England OBrian introduces us to their future wives and his sights and sounds of English country life will transport you back to early 19th century England A rousing tale that ends with Jack becoming a Post Captain No one captures the language of the times like OBrian and you will want to read all of the 16 volumes that make up this series The AubreyMaturin stories are the best in this genre,10
1995-07-22,US,53078278,R3OBBCA1X51IMT,804819459,815000000.0,Tuttle Kanji Cards,Books,4,3,3,False,False,Innovative and uptodate learning tool for Japanese,I had until now been using Japanese flashcards that were full of words from another time Thats because they were made in another time and I found that we do not use many such words in Japan today,7
1995-08-15,US,53096375,R393CYFBTQSCNB,441813046,956476521.0,Titan (Gaea),Books,5,0,0,False,False,Now a classic the 1st largescale genetic engineering novel,And dont miss the sequels Wizard and Demon,8
1995-11-16,US,53095745,R83URIAFD3XJT,671870785,857524868.0,"Building Bridge: New, Quick, & Easy Way to Learn America's Favorite Card Game",Books,5,2,2,False,False,Terrific Easy to understand clear and witty too,Im just a beginner learning Bridge by all different means  computer programs books and so on but not with real people and not online yet This book is teaching me more than any other book Ive seen or read and Im really beginning to understand the game PLUS the reasons behind the bidding and play thanks to this book I really cant say enough good things about this book If youre learning Bridge I highly recommend it and while youre learning please drop me a line too PLEASE NOTE CORRECTION IN MY EMAIL ADDRESS PS Ive been teaching my 13 12 and 9yearolds out of this book too and its easy enough for them to understand,11
1995-11-18,US,53095729,RQX0NHIJ2Z569,452274591,508221835.0,Mid-life Confidential: The Rock Bottom Remainders Tour America with Three Chords and an Attitude,Books,5,1,4,False,False,by most of your favorite authors  great,Dave Barry Kingsolver Marsh and Stephen King and the rest If you like books this one is for you,11
1995-11-22,US,53073385,R3IJ91HHIWFF81,848808169,150825861.0,These Old Shades,Books,5,24,25,False,False,Heyers best charming witty full of humor,For a lighthearted read this is one of the most wittily written Regency romances ever published Full of believable and captivating characters These Old Shades will take you body and soul to a time and place long past if indeed it ever existed The Duc of Avon is the male lead he is an unrepentant reprobate whose basic good nature has not quite entirely withered away He adpots a street waif in Paris playing along with the charade that the child is a boy His motives are not of the best at first but as the story unfolds we are allowed to watch a subtle shift in the thrust of his plans The two main characters are supported by a rich cast of characters from the household servants to the pinnacle of Paris society The Ducs bubbleheaded sister is not as much of a lightweight as she would have you believe and his younger brother is just a simple nice fellow The biggest appeal of this book for this reviewer at any rate is the languageoftheday with which Ms Heyer brings these people and this era to brilliant clarity,11
1995-11-08,US,53094761,R3KORFVOX2G1QY,380713853,611117139.0,Brazzaville Beach,Books,5,0,1,False,False,An excellent novel for holiday reading,This is one of the more interesting and fun novels that I have read in the last few years It would probably appeal to many people with a scientific background It describes research studying chimps in the wild in Africa and ties it in with a very wellwritten human story about the researchers and their lives,11
1995-10-18,US,53087960,R14PFL0QEHSP3O,393309398,2286760.0,Out of Canaan: Poems,Books,5,1,2,False,False,Honest wellwritten modern poetry,This is the first book of poetry by Mary Stewart who also teaches a Poetry Workshop in NYC that is attracting the best writers of contemporary poetry in the East This collection is wellwritten structurally clean cogent and perhaps most of all from the heart It makes the reader wonder how one diminishes one life by not confronting ones pains and sorrows,10
1995-08-09,US,53096585,R26JQ0PMF2D7QV,465021212,354462139.0,The Evolution of Cooperation,Books,5,2,5,False,False,The book on reciprocal altruism the best news in years,This is one of the most important books in social evolutionary and moral theory It is also a powerful message of hope Axelrod shows that cooperation rather than backstabbing or predation can quotwinquot the evolutionary struggle This work has inspired a whole new field of research and it is also a great read,8
1995-09-04,US,52307988,R117GB0UNIVGV9,312113706,385285974.0,The Official Harvard Student Agencies Bartending Course,Books,5,33,33,False,False,Simple elegant practical,This books gives the basics of bartending covering many aspects from ustensils to effects of alcohol It is designed to let you be an efficient bartender as opposed to making up a drink with 3 random ingredients Hence no list of 10000 cocktails just the ones you MUST know plus a few fun ones Despite this nononsense approach the tone is humorous and makes this guide fun reading,9
1995-10-31,US,53096399,R29FM9JVXBEPEC,446391581,156881633.0,A Whack on the Side of the Head: How You can be More Creative,Books,4,2,2,False,False,fast read useful ideas,structured in an easy to remember fashion good ideas practical ideas,10
1995-10-20,US,51872866,R158EHHL2USQOS,844665290,358452686.0,The Man Who Mistook His Wife For A Hat,Books,5,1,2,False,False,EVERYTHING by Oliver Sacks is worth reading,Fascinating inquiry into the workings of the brain and mind Well written easy for the layman to understand,10
1995-08-13,US,53096384,R26AT6ZRQAO3NR,1563891336,45969474.0,Death: The High Cost of Living,Books,5,1,2,False,False,TORI,ok first things first tori amos writes the introdution if there are any tori fans that dont have this they need it second as with all of neils collected works dave mckean designs the whole thing third its the ultimate trendy neil gaiman book which is i suppose a good thing but its worth the money i personaly would search a little harder and find a specialty shop to find the hardcover but the softcover is worth owning also especialy for the sparkly writting,8
1995-08-29,US,50926006,R1DZ6KX3SWKFK2,830642315,760695197.0,Build Your Own Electric Vehicle,Books,5,45,47,False,False,A comprehensive guide to the components and systems of EVs,This 310 page book is more than its title implies It is an excellent source of information even if one is just interested in learning more about the subject of electric vehicles Mr Brants credentials include a degree in engineering and having worked on the Lunar Rover He begins his book by exploring the appropriateness of the electric vehicle from an environmental standpoint He then quickly reviews the history of the EV from the mid 1800s to the present He does a good job of surveying the current as of late 1993 crop of electic vehicle producers as well as the plans of the major auto makers for electrics Brant devots a chapter to the options available to the person who wants to own an electric vehicle today Buy a ready to run car from a manufacturer or converter have one built or converted for you or do the conversion yourself One option that he seems to largely discount is the option of buying a used EV Although such vehicles can be somewhat hard to find especially away from large cities on the coasts they can put a person into an EV for much less money and work than any other alternative As you might expect from the books title Brant favors the selfconversion option He compares the various types of motor vehicles as conversion options passenger cars vans and small pickup trucks His conclusion that a small pickup truck might be the easiest to convert while giving the best range seems a valid one as long as a small pickup meets your needs and suits your style Chapter 5 is an excellent reference listing suppliers EV clubs and various converters and manufacturers With Chapter 6 Brant begins the real meat of the book He presents formulae and charts that allow you predict the performance of the vehicle you choose for conversion and pick the size of motor and batteries that you will need The next chapters are devoted to each of the unique systems of an EVin some detail Electric motors controllers batteries and chargers To this reviewer these chapters are the most valuable and make this book useful to anyone with an interest in Electric Vehicles The current state of the art is reviewed for each of these systems in some detail and with an eye toward practical maintanence and selection and upcoming technology is also covered Surprisingly only one chapter of the book covers the actual conversion process Although there is probably enough detail here for the experienced home mechanic or mechanically inclined individual someone who has never pulled an engine out of a car or done other major repairs on his own will probably need more help especially if his conversion is not of a small pickup truck Allinall there is a lot of good information in this book and it is a vital addition to the library of any wouldbe electric vehicle converter owner or pipe dreamer,8
1995-07-25,US,52948753,R319BP0SZFUGCZ,679736301,353322797.0,Spider,Books,4,4,5,False,False,Creamy Rich Gothic Horror,I used to think Clive Barker was the best I was wrong Patrick McGrath is the best His richest novel it once again has the untrustworthy narrator Its like a trip through the imagination of an insane man you vever know whats real or imagined,7
1995-08-31,US,53096377,R83ZJYM0CHUP0,385479565,905671096.0,The Hot Zone: The Terrifying True Story of the Origins of the Ebola Virus,Books,5,0,0,False,False,Reads like a great thriller unbelievably its all true,A very thorough a well written account of a shocking storyThis book has it all characters suspense and unbelievably its all true After reading this one realizes how precarious our existence is,8
1995-09-09,US,53084640,R237ER6BS4JGVG,140143459,488185202.0,Liar's Poker: Rising Through the Wreckage on Wall Street,Books,5,1,1,False,False,A poignant memoir,After reading Liars Poker youll feel as I do that you have lived through the 80s on Wall Street with Lewis,9
1995-11-11,US,52648220,R8XSPTXK3YTVL,914457551,710956461.0,The Complete Book of Golf Games,Books,5,14,14,False,False,A must for golfers who want to spice up their game,This is a delightful as well as practical compendium of over 80 golf side games wagers tournament formats etc  all designed to make your next round of 18 holes more fun and maybe more profitable The illustrations trivia and overall production quality of this book make it far superior to the older books available on the same topic Eyepopping cover and fair price 995 make it a great gift for any golfer I highly recommend this book,11
1995-09-22,US,53096222,R39G8DNP2NHZLU,446400068,947253832.0,Drowned Hopes,Books,5,0,2,False,False,One of his best,Drowned Hopes is one of the funniest followthroughs on one of the better Westlake premises The treasure that was buried by the mobster before he went to jail is underneath what is now a reservoir That presents challenges but Dortmunder and his gang are at least AS challenged by being in proximity to a real criminal who is a lot meaner than they are Id put this with the best of Westlakes books and Im one of his biggest fans,9
1995-10-12,US,52643405,RX0RNCQ5XX279,664245552,276960329.0,Reading the Old Testament: Method in Biblical Study,Books,5,18,22,False,False,An excellent introduction to Biblical interpretation,Bartons book would serve as a fine introduction to any student interested in practical application of source form redaction or structuralist criticism to the Bible Bartons prose is lucid his examples extraordinary His discussion of structuralism is the clearest demonstration that I have read The book suffers from two flaws First Bartons book was written prior to the time when deconstruction became a trendy approach to scripture Thus students should be aware the structuralism has transformed into another approach more suited for the nihilistic climate of our age Second for those of us who believe that God is speaking to us through his word Barton leaves little hope He concludes that future study should focus on the act of reading rather than the mimetic relationship between text and man While perhaps an intriguing scholarly study it does little for those of us seeking to know God more fully,10
1995-10-26,US,53096541,R2DQ2J4R88MOAG,446602450,454060985.0,Spencerville,Books,5,1,2,False,False,Fantastic and Captivating,This book really held my attention I could not put it down and when I absolutely had to I couldnt wait to get back to it,10
1995-10-23,US,52194881,R3H4NOKDONXLDS,824815130,174665453.0,The Hikers Guide to O'Ahu (A Kolowalu Book),Books,5,7,7,False,False,A musthave if you plan to hike on the island of Oahu,Stuart Balls book is an excellent resource for anyoneplanning to hike on Oahu In fact it has been in mybackpack on most hikes Ive been on Great info on how to get to the trailhead the length and level of difficulty of the hike and insights about what to see and expect when youre on a particular trail The best Hawaiibased book Ive read,10
1995-10-28,US,53095983,R320GVTM5RXZNU,786881046,505457356.0,Pulp Fiction: A Quentin Tarantino Screenplay,Books,5,3,4,False,False,A treat for any Pulp Fiction fan,Shows how much the stars ablibbed and also showss QTs gift for dialog An excellent companion to the film  out of 4,10
1995-11-03,US,52176002,R1M97P3WEMGYIG,688124089,595253424.0,Shadow of a Dark Queen (The Serpentwar Saga),Books,4,0,0,False,False,One of the finest fantasies I have read,Exciting story easy to read and understand and visionize One of my top 10,11
1995-07-25,US,52948753,R2O0GRQ9S3XCLE,691033730,623917107.0,The Empire of Fashion,Books,5,12,14,False,False,Excellent amp noncondescending look at the rise of fashion,Unlike the stuffy American academics who turn their nose up at the world of fashion Lipovetsky realizes the importance of fashion  not just as a result of liberalism andor capitalism  but as a contributor to these structures Lipovetsky basically argues that modern fashion contributes to democratization by allowing individuals more choices and also by obscuring social classes Does Bill Gates dress signify his social or financial superiority in any way He also gives a pretty concise and coherent history of fashion which helps us understand where we stand today On top of all that its well written I dont know whether to thank him or Porter for that All and all an outstanding and entertaining rejection of the tedious reductive Marxist explanations of fashion,7
1995-11-03,US,53095862,R14ROWVBQ7XEJD,670858692,40528119.0,Rose Madder,Books,4,0,0,False,False,real yet not Kings a great storyteller as usual,I was surprised by how natural as opposed to supernatural the book started out But both the natural and supernatural elements were spellbinding Very different subject matter for King,11
1995-08-12,US,53096388,RDASCGBRSYG17,553565443,699852280.0,KINGDOMS OF THE WALL,Books,5,1,3,False,False,Great Story about courageloveand adventure,Great Story about courageloveand adventur,8
1995-10-16,US,53096091,R20VPZ3L8TLXTT,316773867,935048241.0,Pediatric Telephone Advice: Guidelines for the Health Care Provided on Telephone Triage and Office Management of Common Childhood Symptoms,Books,5,2,2,False,False,Dr Schmitt is truly an expert in Pediatric triage,Another standard textbook at triage call centers across the country Dr Schmitts expertise in the telephone assessment of pediatric patients is outstanding Have used these guidelines  they are wonderful,10
1995-11-11,US,53096485,RVS529AN21RR3,6302136105,701401373.0,The Doors [VHS],Video,5,1,2,False,False,The Doors The best movie ever,The Doors is one of my favorite movies Val Kilmer is a great actor EMail me and tell me your thoughts on this movie END,11
1995-07-18,US,53011769,R33HOJ2OWJIDQI,089145537X,837000000.0,The Collector's Guide to Harker Pottery U.S.A.: Identification and Value Guide,Books,5,27,27,False,False,The definitive volume on Harker Pottery,OK Im biased My mother wrote this one Many of the pieces featured in the book are part of my collection But its still the ONLY book on Harker Pottery Americas Oldest Pottery This book not only includes beautiful pictures of Harkerware but also includes a price guide and some history of the pottery industry of the Ohio Valley Harker is a contemporary of many currently collectible potteries such as Hall and Homer Laughlin While not as valuable currently as Autumn Leaf or Fiestaware Harkers Cameoware is becoming increasingly popular Harker is also the only manufacturer of ceramic serving forks and spoons as well as beautiful ceramic rolling pins,7
1995-08-07,US,53096398,R61VUUBXYT6EL,042510107X,34724671.0,Red Storm Rising,Books,5,0,1,False,False,The single best modern war story ever written,Red Storm Rising is the best modern war story ever written It is suspenseful believable allencompassing and exciting Read it now,8
1995-08-09,US,53096585,R2NHLPV435E2KS,679763996,458475501.0,"The Moral Animal: Why We Are, the Way We Are: The New Science of Evolutionary Psychology",Books,4,1,1,False,False,How evolution shapes our emotional and moral lives,Wright summarizes current research on primate evolution from a novel perspective  he interprets how we feel in evolutionary terms  especially moral feelings such as guilt righteous anger etc His conclusions are sensible but not profound The most important message of the book is simply the quotcopernicanquot shift that places evolutionary game theory rather than our inherited primate emotions at the center of our moral universe,8
1995-10-18,US,53096393,R32B90DLSYAJ37,1568842406,512561751.0,Windows 95 for Dummies,Books,2,2,2,False,False,only the terminally computer illiterate should get this,The VAST majority of information found in this book is stuff that the semiknowledgable Win31 user will be able to figure out on hisher own in just a few hours Good for folks who just bought a computer preloaded with Win95 but for anyone else dont waste your money,10
1995-07-24,US,53096478,RDHPLRRA3LSHY,1878862006,905081141.0,Power of the Periodic Table: The Secret of Change in the Universe the Chemical Reaction,Books,5,8,10,False,False,Excellent text for basic chemistry and advanced cognition,As a former student of the author I can truly say that Mr Timmreck has compiled a truly wonderful work in this book He has successfully captured the essence of his classroom lectures making learning the science of chemistry not only significantly easier but very enjoyable If you dont think well this book can help,7
1995-07-25,US,52948753,RPCSKDRGZO4UA,679751203,118994081.0,Vamps & Tramps: New Essays,Books,4,4,8,False,False,Fun Irreverent Ramblings by That Woman,I enjoy Paglia This disqualifies me as an intellecutal which is fine What a lot of people dont quite get is that this is suppossed to be funny and irreverent She writes very well and she grabs your attention and too bad to all her quotenemiesquot who dont have her charm Thats life Its not like people will be reading Naomi Wolf in the next century,7
1995-11-13,US,53095772,R1VK62QTKCCQSY,441094996,271001733.0,The Cat Who Walks through Walls,Books,3,3,5,False,False,Half of a very good book,The first half of this book is vintage Heinlein This is probably because the first half was written twenty years before the second half The latter half of the book is reminiscent of Heinleins quotNumber of the Beastquot and is almost as poorly written Recommended only for someone who wants to read every Heinlein novel,11
1995-08-25,US,53096435,R3AR6H2JHEEDZ6,071463347X,826420421.0,Soviet Military Deception in the Second World War (Soviet (Russian) Military Theory and Practice),Books,5,16,17,False,False,Study on the deception aspect of every major Ostfront battle,The book describes Soviet deception methods and results for every major battle 4145 In every casedetailed down to division maps showing reality and german assessments are provided It is invaluable for reference and it gives very interesting insights on German defeats,8
1995-11-08,US,53096008,R11ZEIWYRMB3Y9,819562513,114140530.0,"Great River: The Rio Grande in North American History. Vol. 1, Indians and Spain. Vol. 2, Mexico and the United States. 2 vols. in one",Books,5,24,24,False,False,Horgans masterpiece history of the Rio Grande river,One of the major materpieces of American historical writing The two volumes are a continuing delight far better than any historical novel Scene succeds scene filled with movement passion and unbelievable heroism Won the Pulitzer and Bancroft Prizes for History and is considered the greatest history of the Rio Grande from preColumbian time to mid 20th century,11
1995-11-22,US,53096008,R12YVQ9SW06GA7,805240616,710501777.0,The Five Books of Moses: The Schocken Bible: Volume I / Deluxe Edition,Books,5,9,9,False,False,A major translation of the First Five Books of The Bible,A glorious book that is magnificently printed Mr Foxs translation is pure poetry The commentary is the best I have ever read For the Bible student and layman this is a version of the first five books of Moses that should not be missed Will undoubtly become a classic in Bible literature The translation from the Hebrew is a joy to read and brings new insights to this the greatest of all books written,11
1995-07-26,US,53038916,R2E06DLRMHNEJR,60171162,378426804.0,Sisters and Lovers,Books,5,0,0,False,False,I laughed out loud,This book held my attention for the entire 48 hours it took me to get through it all  and I finished wanting more I wanted to know what would happen next to the wonderful people in the story who seemed so much like many of my friends I didnt want it to end At various points throughout my reading I could not believe I was laughing out loud at a book I cant wait until Briscoes next one,7
1995-09-27,US,52589298,R23Z5MIRBQI1FX,096309212X,945876871.0,Radical Honesty (How to Transform Your Life By Telling the Truth),Books,5,3,4,False,False,Relationship skills for the 90s,Some readers may have difficulty getting past the authors forthright language But its worth it This book produced metanoia in my life Not to be missed,9
1995-10-05,US,51078325,R1T1FU8DI97I8,679735771,92932803.0,American Psycho,Books,5,0,0,False,False,Bizarre brilliancea masterpiece,Also known as quotBernardos Biblequot this masterpiece of modern macabre is one of the best written accounts of the mind of a modernday serial killer Terrifying in its implications allegorically it produces a sick political statement all too true in todays world Eastons finest work to date AMERICAN PSYCHO will keep you awake long into the night,10
1995-11-02,US,53095914,R2ZNGRPS98S7N5,821746324,355069804.0,A Midsummer's Magic (A Zebra Holiday Regency Romance),Books,5,2,6,False,False,Funny and magical,When magical spells and love collide everything goes wrong This is a light comical romance full of fun,11
1995-11-04,US,53096531,R32X957QKAMEGB,1852423269,61043751.0,The Roaches Have No King (High Risk Books),Books,4,2,2,False,False,you will never look at roaches the same way,A very interesting work of fiction It is the story of a group of roaches that inhabit an apartment in New York CityA new girlfriend has moved in with Ira and cleaned away theirfood supply This leads our hero a roach named Numbers toconcoct a plan to drive away the new tidy roomate Numbersand his generation were literally raised in books and have become imprinted on the book in which they were raised taking onthat books theme in name and personality Would have rateda bit higher but it approached ethnic differences in a somewhat stereotypical manner,11
1995-08-18,US,53096359,R2JSQ5DKUV1BI8,1880494000,96491013.0,Amber Diceless Role-Playing: Diceless Role-Playing System,Books,5,1,1,False,False,IMHO The best Role Playing Game Ever,If you have ever dreamt of becoming one of Roger Zelaznys Amber Prince then buy this call some of your friends and have fun This is I think the first Diceless RPSystem and I can tell you that it really works By the way if you want to get opinions from people using the Game  subscribe to the Amber mailing list a high bandwith mailing list dedicated to the Amber Diceless RolePlaying and Roger Zelaznys Amber send an email message to Majordomologrusorg with in the message body subscribe amber ltyour email gt Its way too bad Roger Zelazny died on 14 June 1995,8
1995-11-15,US,53095622,R1TUW5NZB1TPG,1886186006,587691602.0,Sponging: A Guide to Living Off Those You Love,Books,5,0,0,False,False,If God were funny he would have written this book,This book is so stupid its genius I read it in two hours and then read it again on the toilet a day later I laughed twice as hard the second time Its hard to believe that these guys found somebody to publish this stuff but Im glad they did I gave a copy to my son who still wont get the hint that I want him to get his lazy butt off my damn couch He laughed harder than I did and hid the remote control until I leant him 20 and a pint of bourbon Good book,11
1995-11-22,US,53096316,R3RRC9ZELZT51B,676312977,178447398.0,Hero and the Crown,Books,1,13,33,False,False,Read it aloud yourself instead,The book in print is magical evocative and lyrical The audiotapes are leaden and so disappointing The voices for the main characters are wrong wrong wrong The female sounds wimpy and trapped in a bad sitcom while the male lead sounds like he has hair on his knuckles If you really want a good fantasy on tape buy something read by Flo Gibson If you like McKinley you will enjoy the EE Nesbit books such as quotFive Children and Itquot and quotThe Enchanted Castlequot both excellently read,11
1995-10-17,US,51747709,R3LS9CLPP1KRHX,553272934,454149734.0,Hunger of Memory : The Education of Richard Rodriguez,Books,5,0,4,False,False,Everyone with the surname Rodriguez should read this book,I read this book and it changed my life I meet the author at a party and did not like him But I still loved his writing and how his work spoke to me,10
1995-10-24,US,53004137,R1EWQX83PW1I4B,1563891662,332327217.0,The Big Book of Death,Books,5,8,8,False,False,Sick morbid and lots of fun,quotThe Big Book of Deathquot the second in Paradox Presss quotBig Book ofquot series is a fascinating disturbing treatment of the subject we simultaneously fear and cant get enough of death With sections on pointless deaths capital punishment famous cemeteries and lots of other aspects of the big D its an interesting and informative book The artwork by a multitude of comic artists is also excellent It may be a comic but this book is definitely not for kids If youre a grownup with a fascination for death and a slightly morbid sense of humor though check it out,10
1995-07-24,US,53096477,R1DFZYRMR065F7,440500702,976631306.0,Schrodinger's Cat Trilogy,Books,4,0,1,False,False,If you liked Illuminatus,If you enjoyed the Illuminatus trilogy youll love this one Set after the end of the events in Illuminatus mostly it contains many of the characters youve grown to know and love from that book sometimes and many new characters maybe plus some that were only hinted at in the Illuminatus trilogy perhaps Oh and it also deals with the Quantum Uncertainty Principle and almost parallel dimensions This has been the only book that I have ever started over on immediately after finishing it,7
1995-10-12,US,53094804,R2ILMUP4FNTFUG,262580896,138816827.0,The Lost Meaning of Classical Architecture: Speculations on Ornament from Vitruvius to Venturi,Books,5,5,5,False,False,Extroadinary,A marvelous marriage of language and the language of Architecture Finally someone has had the courage and talent to take this thing back to the bloody beginning I have read it a couple of times and given it to about 6 friends,10
1995-10-24,US,53096033,R1DM07XAJLEI5M,078686043X,238795097.0,The Beardstown Ladies' Common-Sense Investment Guide: How We Beat the Stock Market - And How You Can Too,Books,5,2,9,False,False,Excellent book for anyone new to the stock market,I just started an investment club with a group of friends and this book has become our bible It is a must for anyone new to investment clubs or individual investing,10
1995-07-23,US,53096550,RSHRYLZF643MM,812532635,247851703.0,The Ships of Earth (Homecoming Saga),Books,4,4,4,False,False,If you liked the other two Homecoming books youll love it,Although it might not work as well as a standalone novel this book continues the saga of the Wetchik clan as they follow the Oversoul through the desert to the place where humans first set foot on Harmony 40 million years perviously The series is quite strong and I enjoyed this book much more because I was already familiar with the characters from the previous two Cards writing focuses on character more than on the pure sciencefiction of his tales and it makes them quite readable All in all another wellcrafted release from one of my favorite authors,7
1995-09-11,US,53096335,R3R9VTJ82FXECQ,425132153,624269601.0,Good Omens,Books,5,0,0,False,False,Funniest book ever written about the AntiChrist,This is quite possibly the funniest book I have ever read Terry Pratchett is an absolute genius read the Discworld booksNOW and Gaiman manages to give the book the appropriate dark touches Brilliant,9
1995-10-14,US,53096531,R2RP47P8NV0V9D,1563891867,446371423.0,The Big Book of Conspiracies (Factoid Books),Books,4,2,2,False,False,Have you looked over your shoulder lately,The latest in quotThe Big Book ofquot series is a brief but comprehensive overview of the big conspiracies  from JFKMLKRFK to UFOs to to more the more modern Whitewater and Casolaro cases Are they all related You be the judge Even as a conspiracy layperson I could see the stories stretch the facts a bit to make a point or is that what the Illuminati want me to think The number of people murderedsuicided in this book is enough to make one think twice about nosing around Makes you think if someone may be monitoring your trail around the net The graphics are great the web tangled and now I find myself keywording CIA and UFO on Amazon,10
1995-10-21,US,53095950,R36MVEDC7S4CEO,811208478,148567452.0,Journey to the End of the Night (English and French Edition),Books,5,1,2,False,False,Lightnings of style in the night of experience,Celine once said he wrote to make other writers unreadable While this may strikes as a strange project I would agree with many others that it was largely fulfilled Throughout his life Celine evolved a very personal quotjubilatoirequot sorry my first language is French style that does make most of modern French authors look like zombies quotJourneyquot Celines first book includes unexpected borrowings form colloquial spoken French A look to further works however shows that these borrowings were only a starting point for a unique work on the French language From the night of his personal experience Celine reaches through language to ultimate elegance light and lightness  a transfiguration arguably difficult to translate into English Jacques P Du Pasquier Geneva Switzerland Editor of Hache,10
1995-10-24,US,53096131,R1REVOWTFNNBDL,442019416,608525973.0,Essential Client Server Survival Guide,Books,4,0,0,False,False,Excellent summary of the state of the clientserver industry,This is an excellent quotGet me caught up quickquot book on client server technology and I would recommend it for anyone who has been in mainframeland and wants to get a perspective on the CS paradigm I enjoyed the easy fluid style of presentation This book is an investment,10
1995-10-15,US,53096582,R3J35IE4LMNCOU,465001041,602218706.0,Ai,Books,3,1,1,False,False,An amusing history of this muchmaligned topic,As this book demonstrates you can learn a lot from what doesnt work The history and politics of AI are as interesting as its successes and failures to date Theres not a lot of technical detail here but the author does manage to weave the thread of a pretty good story through this history,10
1995-10-14,US,53094199,R1KHLBFGZA7XX,345331044,365079858.0,The Riddlemaster of Hed,Books,5,1,2,False,False,Magical both in content and quality of writing,Truly an exceptional work in the genre of fantasy With the simple turn of a phrase Ms McKillip can play your emotions like a harp Very few works of fiction much less fantasy are written this well with this depth of character and background This is one of my favorite series I hope you love it as much as I do,10
1995-10-22,US,53096008,R2V0V2U292068L,523423012,932328326.0,To Live and Die in L.A.,Books,5,2,3,False,False,Excellent LA cops story of drug enforcement,Better than the Movie an action filled story of LA undercover cops running a drug bust Proably the best of Petievichs books His knowledge of law enforcement makes this a real page turner,10
1995-10-17,US,51747709,R1P5J3FNBWTFXY,517122707,161411385.0,A Confederacy of Dunces,Books,5,0,0,False,False,A winner that didnt last Only a mothers love remained,The story behind the book is almost better than the work But make no mistake the work will endure,10
1995-09-01,US,53095863,R2EKPHOKDFKNUY,345340388,58437581.0,The Third Eye,Books,5,2,4,False,False,Incredible story of a Tibetan monks life,This autobiography is an enthralling and comical look at life in Tibet before China invaded it Explore the mysteries of the occult in this book The Third Eye was originally published in 1956,9
1995-11-02,US,53092930,R2XN974V4OQCZA,345397363,380646713.0,"Complete Directory to Prime Time Network and Cable TV Shows, Sixth Edition (6th ed, Revised)",Books,5,1,1,False,False,The authority on television,This is perhaps the most useful reference book ever giving complete information on everything thats ever been on primetime or latenight television in the United States Plus a complete index of all the actors and a bunch of useful appendices Good for looking up specific information and also fun to read covertocover if you can find the time,11
1995-10-31,US,53095057,R33YNIWSOM4FXT,688043941,533308544.0,Authentic Mexican: Regional Cooking from the Heart of Mexico,Books,5,22,22,False,False,Excellent in every way,Excellent cookbook The recipes are the best Ive ever found on true Mexican cooking There is a restaurant in Chicago owed and operated by the authors of this book You must check it out if youre ever in Chicago The cookbook itself is extremely easy to follow It provides very useful sidebar comments on practical tips and regional variations This helps make this cookbook a dream If youre looking for a Mexican cookbook theres no better one to be found,10
1995-08-04,US,53096381,RTLQO8CLKGUVN,812922417,99767536.0,The 99 Critical Shots in Pool: Everything You Need to Know to Learn and Master the Game (Other),Books,5,4,4,False,False,An informative primer for the sport of billiards,In quotThe 99 Critical Shots in Poolquot Ray Martin takes the beginning player through the fundamentals of pool He proceeds in a very organized and stepwise fashion The shots that he teachs are fun to learn fun to watch and useful in pool games If the average beginning to intermediate player practiced most of the shots in this book they could easily become experts at the game of pool,8
1995-10-18,US,53096063,R869EPLN1934S,679419462,861735579.0,The Lost World,Books,1,0,2,False,False,A sickeningly pathetic rehash of Jurassic Park,It had some pretty good parts but for the most part if you read Jurassic Park you have read this They have two young children a girl and a boy a rugged female scientist who wont be stereotyped a greedy old man who meets up with compys Then of course there is Malcolm who DIED in the first book in case anyone forgot He also ends up exactly as he did in the first book albeit not DEAD a hole in his leg and babbling incoherently on morphine Now I know why Crichton doesnt do sequels,10
1995-11-12,US,53062069,R6HGFGKXN1CJ4,262560704,328483841.0,Effective Cycling: 6th Edition,Books,5,16,17,False,False,This book should be on every cyclists bookshelf,br Whatever your involvement in cycling youll want to read Effective Cycling Youll learn about every aspect of riding from selecting equipment to touring to riding in traffic Find out what kind of accidents really happen to cyclists so you can learn how to avoid that sort of accident and stop worrying about accidents that almost never happen Like being hit from behind br Forester is one of the worlds foremost experts in traffic cycling and he designed the Effective Cycling program which is taught by the League of American Bicyclists A similar program is the CanBike Skills program of the Canadian Cycling Association Both courses teach traffic cycling skills and use Effective Cycling as the text br I consider the quotriding in trafficquot chapters to be most important Youll learn where to be on the road which lane how far from the curb and where to be within your lane right middle left  all of which depends on what sort of road youre riding on Youll learn how to change lanes properly in any traffic condition how to gain cooperation from motorists how to prevent acccidents from happening to you and how to avoid an accident thats coming your way by using emergency maneuvers br If you are going to buy only one cycling book Effective Cycling should certainly be the one While youre at it buy a gift copy for every cyclist you love br Foresters Effective Cycling techniques work I ride in busy city traffic every day and its easy and fun This I owe in large part to Effective Cycling,11
1995-07-07,US,53096573,RPLV77JZXG575,047194128X,377000000.0,Object-Oriented Type Systems,Books,4,4,4,False,False,Good techniques well written,The best and possibly only book Ive seen on the topic I very much liked their approach of starting with a simplified language and adding the necessary features The algorithms are useful well presented and their assumptions are laid out clearly,7
1995-10-30,US,53095502,R2GOYBPBINGI6,61009059,830758196.0,"One for the Money (Stephanie Plum, No. 1) (Stephanie Plum Novels)",Books,5,1,1,False,False,Watch out GraftonParetskyGoresEvanovich is coming,Janet Evanovich has created a character that will instantly make you laugh It is a wonderful mystery story and is sure to help her build a following in the mystery genre,10
1995-09-12,US,53096413,R2KN51QNK0V6UF,685350533,513564713.0,Balance and Swing: A Collection of Fifty Five Squares Contras and Triplets in the New England Tradition With Music for Each Dance,Books,4,1,1,False,False,A classic,Ted Sannella has put together a useful and accessible book The material is somewhat dated but it still contains material that should be in every New England Traditional dance callers collection,9
1995-10-11,US,53088511,R1FBUPP1TIXXYD,038547525X,766193328.0,The Great Game of Business: Unlocking the Power and Profitability of Open-Book Management,Books,5,3,4,False,False,The best business book I have ever read,Great Game of Business zeros in on productivity in the USA Employees are dynamic creative and in the thick of the actionGreat Game shows how to capitalize on that how to get everyone focused on the same target and above all how to communicate within the company Few businesses know where to start Great Game says start with the most fundamental tool of a business the financial statements As a CPA I love what Jack Stack has to say in this book,10
1995-11-19,US,53096434,RKZTXDBM6PX4N,691077304,232298383.0,"Open Borders, Nonalignment, and the Political Evolution of Yugoslavia (Princeton Legacy Library)",Books,5,3,3,False,False,An excellent monograph,An excellent monograph by an outstanding scholar,11
1995-10-16,US,53096091,R3IBCEE3REG4PZ,827349912,623851419.0,"Telephone Triage: Theory, Practice, and Protocol Development",Books,5,10,10,False,False,Excellent book on telephone triage Highly recommended,This textbook has become a standard reference at triage call centers across the US A must read for either the new triage nurse or an experienced one,10
1995-11-03,US,52815693,R2WQA2A4U75121,932716164,996304390.0,Grammars for Jess & Twenty Two Cropped Sets,Books,5,0,0,False,False,Great modern textpoetry  truly cool,Good poetry read for those into one of the best poets in America Lots of personal stuff but not sappy Neat and sharp,11
1995-09-11,US,53096423,RS28YY9H2LI6E,312857055,361278280.0,"Wizard's First Rule (Sword of Truth, Book 1)",Books,5,2,4,False,False,Good story line and fastpaced action for such a large book,The goodness of the hero Richard is a little unbelievable but the characters are very strong and the story line is excellent  it really is I will be buying the hardback edition for my personnal library and I look forward to more by this author,9
1995-11-13,US,51905519,R104VGYWF74891,380772574,871311374.0,Enchanted (Medieval Series),Books,4,0,0,False,False,HotHotHot,This tale of the cold Norman heiress and the strong unforgiving man she is forced to wed is not to be missed Told in the style like only Lowell can do it this story unites passion anger acceptance and a love in love story that will leave you begging for more,11
1995-11-19,US,53095695,R9TJBUNJX6D8K,038794284X,329995254.0,Introduction to Game Theory (Universitext),Books,4,1,3,False,False,An excellent book to be used in introductory courses of GT,Though it is an excellent introductory book to be used in Game Theory courses it is not suggested for self study in case the reader lacks on a mathematics background The provided material seems to be the result of the authors hard work on issues related to teaching GT The final chapter devoted to Programming algorithms and techniques sounds more as an addendum or appendix than as a quotsine qua nonquot component of the book Adamantios Koumpis BSc in Computer Science Institute of Computer Science Foundation for Research and TechnologyHellas Crete Greece,11
1995-08-17,US,53096399,R1BALOA11Z06MT,1559947608,381720534.0,The 22 Immutable Laws of Marketing,Books,4,0,0,False,False,awesome,Ive always been partial to immutable laws The tape is entertaining good car listening The laws are clearly self evident once youve heard them and you wonder why you didnt know all that already and were about to go off and do something stupid Its cheap get it,8
1995-10-19,US,53068470,R3T9SE8I5E95SV,091488185X,396871483.0,Elegant Stitches: An Illustrated Stitch Guide & Source Book of Inspiration,Books,5,33,33,False,False,Bestselling silk ribbon embroidery book available,The most complete how to book on using silk ribbon for embroidery Written by world reknown author teacher and lecturer Judith Baker Montano Read it in French Japanese or English This book shows each stitch with a how to line drawing as well as a blow up of it within a piece of finished art work Judiths palette is one of a kind her jewel toned floral designs are easy to duplicate with this timeless referance book Everything you need to get started working with wonderful silk ribbons that are now available at most sewing and craft stores Embellish a tuxedo jacket lapel a pair of velvet flats a matching pendent and more when you learn the how easy it is to do this wonderful handwork that began in the 1700s Full color photos Even a section for left handers Judith even shows how to create your own unique designs in a wonderful chapter at the end What a find,10
1995-07-23,US,53095947,R2WN0N4818YB6J,088494770X,963009818.0,Pillar of Light: A Historical Novel (Work and the Glory),Books,5,8,8,False,False,Once you start reading its hard to put down Wow,It is an excellent book for reading to understand the history of the families that lived during the 1815s through 1830s regarding the beginning of the Church of Jesus Christ of Latter Day Saints It depicts a family who lives in the same area that Joseph Smith lived in It puts truths facts in with some fictional characters to bring up a story that can be easily read It helps the reader understand the plights of the people who were involved in the establishment of the restoration of the church of Jesus Christ It is for anyone who wants to understand the history of the church of Joseph Smith of families who were associated with him their experiences their highlights and sufferings Once the book has been read the reader will have experiences happiness sadness surprise understanding of the people facing moments of their time because of their choice of religion This book is the first of 6 series written by Gerald Lund Members of the LDS church will enjoy these books very much Nonmembers will enjoy the book because of its wellwritten content You like the first book you will want to read all the other books in the series,7
1995-11-03,US,53095862,R2P3PS223QK7EB,449902242,270954632.0,"Healthy Sleep Habits, Happy Child",Books,5,1,1,False,False,Changed my life,My 8 month old son suddenly wasnt sleeping Hed wake up 5 and 6 times in the night when hed been sleeping through and wed go to him and hold him as always He wasnt napping at day care Little did we knowwe should have been letting him cry it out I read this book one week ago and my son has completely turned around Hes sleeping through the night and at day care What I didnt realize was that we were harming him by not letting him develop selfsoothing skills like sucking on his fingers rocking cooing even crying which he needed to put himself to sleep when were not around I had thought quotCry it out Thats not natural Hell think hes abandoned Hell cry for hoursquot But he never cried for more than 10 minutes Now hes a happy baby again,11
1995-10-24,US,53096021,RSD9IZ6E4G65J,679406395,13081295.0,"Monsters Of The Sea: The History, Natural History, and Mythology of the Oceans' Most Fantastic Creatures",Books,5,1,7,False,False,Best book on the subject ever written,I always believed that the authors were the best qualified people to review their own books I wrote this book and I truly believe that it is the best book on the subject ever written I loved the research and the picture research as well It has 150 spectacular illustrations But most of all I liked the great reviews I got from  among other publications  The New York Times Nature and Scientific American,10
1995-10-23,US,53096228,R39JMI1B1W7ZW5,679440380,630529008.0,Palimpsest: A Memoir,Books,4,3,3,False,False,enjoyable erratic gossipy,A mustread for Gores fans He knew many of the important figures of the 20th century personally and has a more brilliant and insightful mind than most of them This book written from the point of old age is a hodgepodge of reflections and frank reminiscences Includes many gossipy tales his account of verbal battles with Truman Capote in front of an alarmed Tennessee Williams are priceless,10
1995-10-29,US,51864151,R1FMZOKK30ZVXW,231082363,856884446.0,The Little Dinosaurs of Ghost Ranch,Books,5,4,4,False,False,A good book about one small dinosaur,This is a wellwritten book that covers the discovery excavation and reconstruction of a dinosaur coelophysis Discussion centered on this small therapod incorporates broader material so that the reader gets an understanding of the life and times of other prehistoric creatures in addition to a detailed account of coelophysis,10
1995-07-19,US,53096552,R3SM9591SGTMJ,517593483,114000000.0,Fingerprints Of The Gods: The Evidence of Earth's Lost Civilization,Books,5,0,1,False,False,This book will open your mind to the past Excellent,The author has a keen sense of how to unfold his entire theory over 500 pages so that you leave the book convinced of the strong possibility that it is true and want to read more about the subject of lost civilizations I cant wait to read quotWhen the Sky fellquot once its released by Ruth AnnFlems,7
1995-09-09,US,53096269,R3BZLVW82BB26O,067942573X,177964798.0,Taltos: Lives of the Mayfair Witches,Books,5,2,2,False,False,Incredible,Anne Rices Taltos is the best of the Mayfair Witch seriesOld friends are back with new additions in one of the mostcomplex stories Rice has ever written A must read for die hard Anne Rice fans,9
1995-09-25,US,53096242,R1QWDW68081BCY,553471880,87075246.0,The Face on the Milk Carton,Books,5,0,0,False,False,A verry good listen,An outstanding book If you dont have the time to read the book this cassette set is just as good Miss Jodi Benson the voice of the little mermaid Reads the story of a grild who find out she was kidnapped 12 years before DO NOT let the fact that this is a book for young adults through you off Halfway though it I forgot altoghter It is that good,9
1995-08-03,US,53095838,R1JWDL4NYO6Y3R,441790976,135813149.0,The Stress of Her Regard,Books,5,5,5,False,False,Tim Powers at his best,quotThe Stress of her Regardquot is simply Tim Powers finest work As in other Powers books this one takes several historical figures Byron Shelley Keets and others an vivid description of the setting in time and place a bit of historical detail and some wonderful fantasy and blends them together in an unforgetable book quotThe Stress of her Regardquot tells the story of Byron Shelley an heroic OBGYN the terrible muse who quotgivesquot them their poetry and their attempts sometimes halfhearted to be free of her Another wonderful Powers novel is quotLast Callquot which is set in modern day California and Nevada and tells the story of Buggsie Seagal Poker Tarot cards Las Vegas and how they all relate to the Fisher King If you like well thought out novels which draw a huge number of often strange bits of fact and fantasy together the novels of Tim Powers will be sure delight you,8
1995-07-24,US,53096476,RDMTU5D4QUNDW,441552803,31661219.0,Robert Asprin's Myth Series,Books,5,0,0,False,False,MUST GET THIS OR YOU DIE,Read my review of Book 1 Another Fine Myth These books are awesome but there are alot more than just these first four Funny and adventurous with a lot of colourful characters,7
1995-08-13,US,53096384,R63J84G1LOX6R,1563890119,763187671.0,The Sandman Vol. 1: Preludes and Nocturnes,Books,4,0,1,False,False,ignore the review below,this is the first 8 issues of the series it is the starting point of all this it also contains the sound of her wings issue 8 which is the first appearance of death and many peoples favorite issue its not the best of the collected works but its the start of them,8
1995-10-06,US,53095150,R2HTSF3BSU3VVI,679408754,53542027.0,Sacred Horses:: Memoirs of a Turkmen Cowboy,Books,5,10,11,False,False,Fascinating story of exotic horses and people,Maslow travelled to Turkestan one of the newly independent Russian Central Asian states northeast of Iran on a search for the fabled AkhalTeke horse perhaps the progenitor of all modern horses from the Byerley Turk to Mr Ed His adventures in this rather unique locale range from hilarious to incredible Runins with KGB agents who have nothing better to do fixing the unsanitary sink in his hosts home a doctor no less and taking the night train across the forbidding Kyzl Kum desert are just some of the fascinating adventures If you like travel writing horses adventure or just love a good book this is one you owe it to yourself to check out,10
1995-07-25,US,52948753,RGMXBO83MNUM,679412840,47673745.0,Robert Louis Stevenson:: A Biography,Books,5,9,9,False,False,Outstanding Moving Biography,Incredible exciting poignant biography of an underrated writer and wonderful man Although McLynn is obviously a fan it never becomes hagiography This will have you reading Treasue Island again and wanting to travel to Scotland and Samoa,7
1995-10-24,US,53096008,RUZZCQY0HXME1,807118737,796615899.0,"The Battle of the Wilderness, May 5--6, 1864",Books,5,3,3,False,False,A Civil War battle book of the highest caliber,If you are a Civil War buff as I am you will find Battle of The Wilderness one of the best researched and written books of the gendre Rheas descriptions are vivid and even though you know the outcome of this battle you relive every hour through his step by step recounting of the action For those who have never read Civil War history this is a moving tale of two of the greatest Generals locked in mortal combat as well as how the common soldier fared in one of the most bloody battles of the Civil War,10
1995-10-24,US,53095936,R46RVPXPTEUVM,517702258,944860236.0,Tom: The Unknown Tennessee Williams,Books,5,3,3,False,False,An outstanding biography  a sure prize contender,quotTomquot by Lyle Leverich is a truly outstanding work Tennessee Williams himself picked Leverich to be his quotofficialquot biographer before he died Indeed Leverich was quite friendly with Williams the last few years of his life and came to know him quite well Ordinarily friendship can cause the biographer to lose his objectivity Thats not the case here But the book isnt simply a collection of dates and events  it reads like a good novel and is extremely wellwritten and wellresearched Ill be very surprised if quotTomquot isnt nominated for a major literary award this year,10
1995-09-27,US,52659746,R3U5QZLWTZ9RGM,940087421,984084968.0,Book of Fax: An Impartial Guide to Buying and Using Facsimile Machines,Books,5,0,0,False,False,A must have reference for any fax buyer or user,This is without question my favorite book,9
1995-11-11,US,53096485,R87VUTMFOE6N,B000002OTL,877615083.0,Pulp Fiction: Music From The Motion Picture,Music,5,0,1,False,False,Pulp Fiction Soundtrack EXCELLENT,Pulp Fiction the movie is one of my favorite movies The soundtrack is excellent I reccommend it EMail me and tell me your thoughts on the movie amp the soundtrack of PULP FICTION END,11
1995-09-14,US,53072252,R2GS317RLZIM6Q,393310353,323732312.0,"Thinking Strategically: The Competitive Edge in Business, Politics, and Everyday Life (Norton Paperback)",Books,4,2,3,False,False,A concise and readable popularisation of Game Theory,The authors write with clarity in a field which they have both academic and practical experience If you are interested at all in Game Theory and you should be then this is a great introduction Note some mathematical thinking is involved,9
1995-09-12,US,53096258,R2P5IZBKDX871J,380710218,602429584.0,Post-mortem,Books,5,0,0,False,False,If you love murder mystery suspense you wont put it down,Ive read all her bookswonderful plots great female mainbr character Start with the first and read them in order You wont wantbr to put them down,9
1995-09-25,US,53096207,R26AAJBFV1X5EW,848808258,900945877.0,Arrowsmith (Modern Classic),Books,4,0,1,False,False,Pulitzer or not this is a prized favorite,While reading some older pulitzer winners I found a copy of quotArrowsmithquot and decided to plunge in This is a deliteful story about an ambitious young doctor in the 1920s and his struggle to find a quotworthyquot use of his medical skills A thinly veiled contempt for commercialized medicine runs throughout the story but never gets too quotpreachyquot A very good choice for any med student or young doctor or anyone at all,9
1995-11-21,US,53095692,RQR7102OERFLE,553299077,87417247.0,The Face of the Waters,Books,5,0,0,False,False,Would have made a better screenplay than WATERWORLD,One of AGbergs best A wonderfully lucid view of Hydros a planet of water and the search by marooned earthmen for paradise and spiritual redemtion A remarkable journey through an exotic alien world Read it,11
1995-09-30,US,53096149,R3LU4X54RG2EOX,449222802,618027596.0,Ask Me No Questions,Books,5,1,1,False,False,The best installment of Tales of the Jewelled Men to date,This continuation of the Tales of the Jewelled Men series gives us the story of Gordon Chandler whose brothers story opened The Golden Chronicles her previous series about Georgian England The web woven by the nefarious League of Jewelled Men seems truly inescapable in this installment and Veryan keeps the reader guessing until the final pages The love story is told very gracefully with charming flourishes and the added interest of a set of twins Highly recommended,9
